"Date","Price","Open","High","Low","Vol.","Change %"
"Feb 13, 2019","57.86","57.94","58.35","57.73","97.91M","-0.17%"
"Feb 12, 2019","57.96","57.67","58.16","57.61","109.91M","0.42%"
"Feb 11, 2019","57.72","57.40","57.97","56.98","102.54M","1.48%"
"Feb 08, 2019","56.88","57.20","57.69","56.85","100.17M","-0.56%"
"Feb 07, 2019","57.20","58.22","58.29","57.20","127.61M","-1.82%"
"Feb 06, 2019","58.26","57.82","58.44","57.63","104.68M","0.38%"
"Feb 05, 2019","58.04","57.85","58.40","57.52","138.64M","0.40%"
"Feb 04, 2019","57.81","58.27","58.32","57.27","122.58M","-0.64%"
"Feb 01, 2019","58.18","58.10","58.37","57.32","116.67M","0.48%"
"Jan 31, 2019","57.90","57.60","58.32","57.48","150.63M","-0.74%"
"Jan 30, 2019","58.33","56.98","58.33","56.56","159.52M","2.62%"
"Jan 29, 2019","56.84","57.29","57.51","56.83","142.96M","-0.28%"
"Jan 28, 2019","57.00","58.57","58.64","56.95","151.16M","-2.68%"
"Jan 25, 2019","58.57","58.57","58.77","58.00","143.00M","1.54%"
"Jan 24, 2019","57.68","57.52","57.89","57.12","122.94M","0.66%"
"Jan 23, 2019","57.30","57.19","57.51","56.98","138.42M","-0.23%"
"Jan 22, 2019","57.43","57.20","57.93","57.15","134.83M","-0.98%"
"Jan 21, 2019","58.00","58.10","58.22","57.65","135.09M","0.00%"
"Jan 18, 2019","58.00","56.58","58.07","56.30","189.24M","3.33%"
"Jan 17, 2019","56.13","55.67","56.43","54.93","111.89M","0.00%"
"Jan 16, 2019","56.13","55.79","56.55","55.79","213.90M","1.06%"
"Jan 15, 2019","55.54","56.05","56.22","55.31","158.51M","0.00%"
"Jan 14, 2019","55.54","54.50","55.66","54.30","179.16M","1.52%"
"Jan 11, 2019","54.71","54.73","55.58","54.24","113.70M","-0.13%"
"Jan 10, 2019","54.78","53.50","54.87","53.22","137.48M","1.80%"
"Jan 09, 2019","53.81","54.10","54.50","53.53","209.07M","0.20%"
"Jan 08, 2019","53.70","53.60","54.27","53.47","105.71M","0.66%"
"Jan 07, 2019","53.35","53.47","53.65","52.02","183.54M","1.04%"
"Jan 04, 2019","52.80","52.02","52.99","51.68","125.19M","3.12%"
"Jan 03, 2019","51.20","50.93","51.68","50.59","118.00M","0.39%"
"Jan 02, 2019","51.00","50.66","51.37","50.17","129.41M","-1.64%"
"Dec 31, 2018","51.85","51.73","51.95","50.90","66.05M","1.25%"
"Dec 28, 2018","51.21","49.72","51.29","49.52","112.34M","2.36%"
"Dec 27, 2018","50.03","51.47","51.64","49.66","137.93M","-1.79%"
"Dec 24, 2018","50.94","50.50","51.15","50.29","41.72M","-1.11%"
"Dec 21, 2018","51.51","51.00","51.89","50.45","290.07M","1.02%"
"Dec 20, 2018","50.99","51.29","51.90","50.90","189.82M","-2.41%"
"Dec 19, 2018","52.25","51.83","52.59","51.79","135.21M","0.56%"
"Dec 18, 2018","51.96","52.25","52.50","51.86","243.19M","0.12%"
"Dec 17, 2018","51.90","52.03","52.78","51.83","181.38M","-1.52%"
"Dec 14, 2018","52.70","52.35","53.10","51.76","193.29M","-0.77%"
"Dec 13, 2018","53.11","53.72","54.33","52.84","158.72M","-0.45%"
"Dec 12, 2018","53.35","51.54","53.52","51.54","227.32M","1.95%"
"Dec 11, 2018","52.33","52.77","53.00","51.74","209.59M","-1.06%"
"Dec 10, 2018","52.89","53.65","54.04","52.54","210.23M","-2.15%"
"Dec 07, 2018","54.05","55.00","55.52","54.05","156.83M","-1.17%"
"Dec 06, 2018","54.69","55.77","56.06","54.35","249.66M","-2.69%"
"Dec 05, 2018","56.20","54.60","57.00","54.26","204.93M","1.43%"
"Dec 04, 2018","55.41","56.13","56.48","55.38","129.62M","-0.97%"
"Dec 03, 2018","55.95","55.59","56.60","55.34","141.15M","1.07%"
"Nov 30, 2018","55.36","56.26","56.50","54.85","244.05M","-1.39%"
"Nov 29, 2018","56.14","57.20","57.20","56.14","181.85M","-0.35%"
"Nov 28, 2018","56.34","57.84","57.84","56.23","106.62M","-0.09%"
"Nov 27, 2018","56.39","57.41","58.27","56.39","216.42M","-1.59%"
"Nov 26, 2018","57.30","57.90","58.72","57.25","166.41M","0.17%"
"Nov 23, 2018","57.20","56.25","57.46","56.13","175.80M","2.14%"
"Nov 22, 2018","56.00","56.06","56.74","54.87","232.04M","-0.41%"
"Nov 21, 2018","56.23","55.83","56.37","55.41","147.79M","1.57%"
"Nov 20, 2018","55.36","55.83","55.90","54.58","173.67M","-0.84%"
"Nov 19, 2018","55.83","54.60","56.16","54.60","184.84M","2.44%"
"Nov 16, 2018","54.50","55.52","56.01","54.08","290.39M","-1.71%"
"Nov 15, 2018","55.45","58.47","58.99","54.50","359.90M","-5.04%"
"Nov 14, 2018","58.39","58.78","59.54","58.16","188.16M","-0.66%"
"Nov 13, 2018","58.78","58.17","58.86","58.10","212.02M","1.48%"
"Nov 12, 2018","57.92","60.16","60.20","57.92","133.33M","-3.39%"
"Nov 09, 2018","59.95","59.75","60.14","59.01","120.25M","0.50%"
"Nov 08, 2018","59.65","58.90","59.98","58.72","130.57M","2.40%"
"Nov 07, 2018","58.25","57.97","58.64","57.96","124.62M","0.94%"
"Nov 06, 2018","57.71","58.87","58.89","57.67","112.41M","-1.47%"
"Nov 05, 2018","58.57","59.56","59.71","58.57","110.35M","-1.55%"
"Nov 02, 2018","59.49","59.80","59.88","59.21","161.06M","1.09%"
"Nov 01, 2018","58.85","56.95","59.32","56.88","225.86M","2.85%"
"Oct 31, 2018","57.22","57.43","57.76","57.12","163.45M","0.70%"
"Oct 30, 2018","56.82","57.07","57.48","56.52","138.88M","-0.63%"
"Oct 29, 2018","57.18","57.00","57.85","56.67","129.33M","0.62%"
"Oct 26, 2018","56.83","57.62","57.73","56.43","138.71M","-1.54%"
"Oct 25, 2018","57.72","56.00","58.03","56.00","189.69M","1.87%"
"Oct 24, 2018","56.66","56.38","57.02","56.01","142.12M","0.48%"
"Oct 23, 2018","56.39","56.00","56.85","55.97","175.74M","-0.07%"
"Oct 22, 2018","56.43","57.00","57.85","56.43","189.55M","0.53%"
"Oct 19, 2018","56.13","56.77","57.02","56.05","197.51M","-1.51%"
"Oct 18, 2018","56.99","57.23","57.82","56.90","105.48M","-0.58%"
"Oct 17, 2018","57.32","57.58","57.71","57.08","92.96M","-0.07%"
"Oct 16, 2018","57.36","57.95","58.10","56.93","156.70M","-0.64%"
"Oct 15, 2018","57.73","58.19","58.42","57.21","116.69M","-0.72%"
"Oct 12, 2018","58.15","57.89","59.18","57.72","194.12M","0.43%"
"Oct 11, 2018","57.90","58.53","58.73","57.85","209.59M","-2.05%"
"Oct 10, 2018","59.11","57.13","59.14","57.02","192.69M","3.16%"
"Oct 09, 2018","57.30","58.41","58.42","57.17","157.69M","-1.48%"
"Oct 08, 2018","58.16","58.66","58.95","58.00","107.07M","-1.31%"
"Oct 05, 2018","58.93","58.92","59.37","58.65","181.70M","0.00%"
"Oct 04, 2018","58.93","58.41","59.20","58.41","161.81M","0.92%"
"Oct 03, 2018","58.39","57.70","58.59","57.51","160.99M","1.60%"
"Oct 02, 2018","57.47","58.09","58.13","57.12","189.41M","-1.83%"
"Oct 01, 2018","58.54","59.00","59.24","58.42","140.72M","-1.23%"
"Sep 28, 2018","59.27","60.70","60.74","59.03","236.66M","-2.84%"
"Sep 27, 2018","61.00","60.53","61.10","60.15","122.55M","0.43%"
"Sep 26, 2018","60.74","60.73","61.25","60.57","157.71M","-0.26%"
"Sep 25, 2018","60.90","61.66","61.90","60.78","129.14M","-1.23%"
"Sep 24, 2018","61.66","61.58","62.08","58.81","96.18M","-0.32%"
"Sep 21, 2018","61.86","61.92","62.16","61.45","279.59M","0.44%"
"Sep 20, 2018","61.59","60.71","61.66","60.60","161.50M","1.75%"
"Sep 19, 2018","60.53","59.31","60.69","59.28","161.48M","1.73%"
"Sep 18, 2018","59.50","59.03","59.65","58.83","113.50M","0.35%"
"Sep 17, 2018","59.29","58.52","59.33","58.48","138.02M","0.70%"
"Sep 14, 2018","58.88","59.38","59.51","58.74","103.83M","-0.61%"
"Sep 13, 2018","59.24","58.75","59.43","58.68","146.72M","0.61%"
"Sep 12, 2018","58.88","59.34","59.34","58.56","118.32M","-0.59%"
"Sep 11, 2018","59.23","59.26","59.54","58.86","118.99M","-0.24%"
"Sep 10, 2018","59.37","58.70","59.67","58.51","136.82M","1.07%"
"Sep 07, 2018","58.74","59.90","59.97","58.61","204.97M","-1.95%"
"Sep 06, 2018","59.91","60.50","60.68","59.81","115.49M","-1.15%"
"Sep 05, 2018","60.61","60.14","61.14","59.79","146.08M","0.43%"
"Sep 04, 2018","60.35","59.90","60.39","59.60","117.21M","1.22%"
"Sep 03, 2018","59.62","59.44","59.70","59.26","76.69M","0.54%"
"Aug 31, 2018","59.30","59.79","59.98","59.20","169.51M","-1.00%"
"Aug 30, 2018","59.90","60.48","60.52","59.90","121.07M","-0.93%"
"Aug 29, 2018","60.46","60.77","60.96","59.88","173.63M","-0.54%"
"Aug 28, 2018","60.79","61.26","61.66","60.63","110.29M","-0.08%"
"Aug 24, 2018","60.84","60.58","61.28","60.35","127.43M","0.13%"
"Aug 23, 2018","60.76","60.95","61.02","60.37","164.08M","-0.39%"
"Aug 22, 2018","61.00","60.54","61.39","60.54","166.24M","0.35%"
"Aug 21, 2018","60.79","60.24","61.85","60.22","133.31M","0.70%"
"Aug 20, 2018","60.37","60.19","60.70","59.99","143.52M","0.35%"
"Aug 17, 2018","60.16","59.95","61.33","59.73","159.52M","0.10%"
"Aug 16, 2018","60.10","59.77","61.00","59.41","176.51M","-0.61%"
"Aug 15, 2018","60.47","60.95","61.05","60.13","261.40M","-0.84%"
"Aug 14, 2018","60.98","61.55","61.69","60.78","206.98M","-0.65%"
"Aug 13, 2018","61.38","61.59","61.91","61.30","166.62M","-0.78%"
"Aug 10, 2018","61.86","61.81","62.07","61.60","142.51M","-0.40%"
"Aug 09, 2018","62.11","62.07","62.31","61.93","134.76M","-0.11%"
"Aug 08, 2018","62.18","62.41","62.47","62.12","122.37M","-0.27%"
"Aug 07, 2018","62.35","62.58","62.72","62.32","135.94M","-0.35%"
"Aug 06, 2018","62.57","62.54","62.59","62.10","109.95M","0.03%"
"Aug 03, 2018","62.55","63.25","63.34","62.34","121.18M","-0.26%"
"Aug 02, 2018","62.71","63.90","63.90","62.54","198.36M","-1.10%"
"Aug 01, 2018","63.41","63.55","63.95","63.10","229.21M","1.65%"
"Jul 31, 2018","62.38","62.24","62.86","62.15","212.60M","-0.02%"
"Jul 30, 2018","62.39","62.36","62.70","62.28","181.09M","-0.34%"
"Jul 27, 2018","62.60","62.91","63.03","62.27","264.74M","0.06%"
"Jul 26, 2018","62.56","62.66","62.94","62.25","91.13M","0.19%"
"Jul 25, 2018","62.44","62.88","63.18","62.06","117.69M","-0.86%"
"Jul 24, 2018","62.98","62.53","63.31","62.38","177.92M","1.11%"
"Jul 23, 2018","62.29","62.48","62.77","62.18","109.09M","-0.54%"
"Jul 20, 2018","62.63","62.41","62.68","62.04","123.17M","0.27%"
"Jul 19, 2018","62.46","62.51","62.85","62.22","97.06M","-0.10%"
"Jul 18, 2018","62.52","62.67","62.78","62.22","107.29M","0.11%"
"Jul 17, 2018","62.45","62.47","63.01","62.28","148.93M","-0.06%"
"Jul 16, 2018","62.49","62.75","63.05","62.00","130.82M","0.13%"
"Jul 13, 2018","62.41","62.72","63.12","62.32","98.40M","-0.24%"
"Jul 12, 2018","62.56","62.27","62.91","62.09","138.04M","0.37%"
"Jul 11, 2018","62.33","62.13","62.59","61.76","151.40M","-0.27%"
"Jul 10, 2018","62.50","62.92","63.42","62.48","156.62M","-0.70%"
"Jul 09, 2018","62.94","62.55","63.45","62.44","159.63M","0.72%"
"Jul 06, 2018","62.49","62.36","62.62","62.09","143.32M","0.19%"
"Jul 05, 2018","62.37","62.40","62.95","62.18","94.22M","0.11%"
"Jul 04, 2018","62.30","61.80","62.87","61.70","130.96M","0.47%"
"Jul 03, 2018","62.01","62.00","62.55","61.54","162.17M","-0.48%"
"Jul 02, 2018","62.31","62.50","62.66","62.04","156.50M","-1.17%"
"Jun 29, 2018","63.05","62.94","63.39","62.50","260.77M","0.80%"
"Jun 28, 2018","62.55","61.49","62.55","61.16","208.71M","1.15%"
"Jun 27, 2018","61.84","61.70","62.50","60.88","440.13M","0.68%"
"Jun 26, 2018","61.42","61.69","61.69","61.11","120.92M","0.29%"
"Jun 25, 2018","61.24","61.74","61.89","61.18","159.08M","-1.42%"
"Jun 22, 2018","62.12","61.75","62.36","61.60","121.76M","1.24%"
"Jun 21, 2018","61.36","61.82","62.26","61.19","154.31M","-0.50%"
"Jun 20, 2018","61.67","61.94","62.44","61.53","169.42M","0.23%"
"Jun 19, 2018","61.53","61.04","61.73","60.50","193.87M","-0.06%"
"Jun 18, 2018","61.57","61.74","65.59","61.35","175.19M","-0.82%"
"Jun 15, 2018","62.08","63.03","63.20","61.80","377.11M","-1.66%"
"Jun 14, 2018","63.13","62.72","63.63","62.47","184.44M","0.45%"
"Jun 13, 2018","62.85","63.05","63.36","62.80","175.26M","-0.51%"
"Jun 12, 2018","63.17","63.35","63.38","63.00","195.26M","0.27%"
"Jun 11, 2018","63.00","63.45","63.56","62.89","142.59M","0.16%"
"Jun 08, 2018","62.90","63.40","63.61","62.73","169.05M","-1.16%"
"Jun 07, 2018","63.64","64.25","64.42","63.58","144.09M","-0.06%"
"Jun 06, 2018","63.68","62.95","63.76","62.45","170.57M","1.90%"
"Jun 05, 2018","62.49","63.08","63.26","62.45","251.56M","-1.73%"
"Jun 04, 2018","63.59","63.70","64.12","63.35","198.58M","0.38%"
"Jun 01, 2018","63.35","63.75","64.07","63.21","199.74M","0.22%"
"May 31, 2018","63.21","64.55","64.64","62.85","415.26M","-1.54%"
"May 30, 2018","64.20","64.00","64.27","63.29","268.80M","-0.14%"
"May 29, 2018","64.29","65.64","65.64","64.29","466.49M","-2.10%"
"May 25, 2018","65.67","65.97","66.19","65.15","182.08M","-0.50%"
"May 24, 2018","66.00","66.50","66.77","65.87","189.90M","-0.95%"
"May 23, 2018","66.63","67.04","67.35","66.23","198.35M","-0.58%"
"May 22, 2018","67.02","66.68","67.49","66.54","157.96M","0.83%"
"May 21, 2018","66.47","66.23","66.77","66.02","126.92M","0.67%"
"May 18, 2018","66.03","66.19","66.40","65.57","140.95M","-0.30%"
"May 17, 2018","66.23","65.65","67.94","65.48","118.43M","0.82%"
"May 16, 2018","65.69","66.65","67.08","65.61","197.16M","-1.63%"
"May 15, 2018","66.78","66.71","68.73","66.36","172.72M","0.16%"
"May 14, 2018","66.67","66.99","67.46","66.55","119.89M","-0.61%"
"May 11, 2018","67.08","66.94","67.16","66.74","97.63M","0.33%"
"May 10, 2018","66.86","66.86","67.34","66.45","145.22M","0.48%"
"May 09, 2018","66.54","65.92","66.67","65.92","161.98M","1.00%"
"May 08, 2018","65.88","65.52","66.21","65.40","167.95M","0.76%"
"May 04, 2018","65.38","64.52","67.07","64.52","169.55M","1.08%"
"May 03, 2018","64.68","64.38","65.18","64.17","139.62M","0.54%"
"May 02, 2018","64.33","64.33","64.70","64.07","152.02M","-0.02%"
"May 01, 2018","64.34","66.00","66.79","64.21","111.44M","-0.49%"
"Apr 30, 2018","64.66","64.92","65.17","64.58","151.30M","-0.20%"
"Apr 27, 2018","64.79","64.78","65.13","64.34","169.98M","-0.17%"
"Apr 26, 2018","64.90","65.00","65.26","64.42","182.92M","-0.15%"
"Apr 25, 2018","65.00","65.63","66.14","64.62","210.35M","-1.69%"
"Apr 24, 2018","66.12","66.60","68.62","66.00","318.48M","-0.48%"
"Apr 23, 2018","66.44","65.55","66.58","65.55","234.38M","1.13%"
"Apr 20, 2018","65.70","65.88","67.74","65.47","160.68M","-0.59%"
"Apr 19, 2018","66.09","65.56","67.84","65.25","155.58M","-2.26%"
"Apr 18, 2018","67.62","67.68","67.86","67.38","159.95M","-0.06%"
"Apr 17, 2018","67.66","67.99","69.69","67.62","133.91M","-0.03%"
"Apr 16, 2018","67.68","67.84","68.51","67.42","175.22M","-0.73%"
"Apr 13, 2018","68.18","67.50","68.72","67.48","142.33M","0.04%"
"Apr 12, 2018","68.15","67.18","68.15","66.95","136.58M","1.70%"
"Apr 11, 2018","67.01","66.68","67.36","66.65","96.29M","-0.07%"
"Apr 10, 2018","67.06","67.06","67.99","66.71","119.82M","0.62%"
"Apr 09, 2018","66.65","66.79","66.99","66.29","105.29M","0.50%"
"Apr 06, 2018","66.32","66.11","66.62","65.98","110.58M","0.21%"
"Apr 05, 2018","66.18","66.46","66.51","65.63","123.23M","1.57%"
"Apr 04, 2018","65.16","64.97","65.26","64.12","135.67M","0.05%"
"Apr 03, 2018","65.13","64.20","65.31","64.20","151.44M","0.73%"
"Mar 29, 2018","64.66","65.05","65.44","64.65","151.54M","-0.39%"
"Mar 28, 2018","64.91","64.60","65.07","64.11","148.55M","-0.18%"
"Mar 27, 2018","65.03","65.41","65.89","64.84","134.97M","0.60%"
"Mar 26, 2018","64.64","65.05","65.32","64.33","146.25M","-0.19%"
"Mar 23, 2018","64.76","65.53","65.80","64.59","203.89M","-1.97%"
"Mar 22, 2018","66.06","66.54","67.11","65.69","167.85M","-1.64%"
"Mar 21, 2018","67.16","67.79","68.34","67.04","141.60M","-1.05%"
"Mar 20, 2018","67.87","67.07","68.35","67.07","124.48M","1.10%"
"Mar 19, 2018","67.13","67.47","67.70","67.06","113.69M","-0.55%"
"Mar 16, 2018","67.50","66.60","67.63","66.54","271.68M","1.05%"
"Mar 15, 2018","66.80","67.05","67.50","66.57","129.31M","0.16%"
"Mar 14, 2018","66.69","66.72","67.30","66.50","102.91M","-0.37%"
"Mar 13, 2018","66.94","67.65","67.76","66.79","109.83M","-0.83%"
"Mar 12, 2018","67.50","67.59","67.80","67.27","77.92M","0.31%"
"Mar 09, 2018","67.29","67.59","67.79","67.12","110.12M","-0.31%"
"Mar 08, 2018","67.50","67.40","67.95","67.26","115.74M","0.37%"
"Mar 07, 2018","67.25","66.70","67.43","66.10","144.07M","1.04%"
"Mar 06, 2018","66.56","67.50","67.69","66.56","132.04M","-0.66%"
"Mar 05, 2018","67.00","66.90","67.30","66.52","153.12M","0.00%"
"Mar 02, 2018","67.00","67.98","68.29","66.92","143.36M","-1.93%"
"Mar 01, 2018","68.32","68.70","68.87","68.13","130.03M","-0.70%"
"Feb 28, 2018","68.80","69.00","69.41","68.69","140.39M","-0.33%"
"Feb 27, 2018","69.03","69.10","69.20","68.55","121.64M","0.70%"
"Feb 26, 2018","68.55","69.09","69.17","68.40","87.16M","-0.15%"
"Feb 23, 2018","68.65","69.10","69.17","68.31","114.55M","-0.77%"
"Feb 22, 2018","69.18","69.99","69.99","68.85","193.50M","-0.77%"
"Feb 21, 2018","69.72","69.80","70.39","68.57","311.08M","2.76%"
"Feb 20, 2018","67.85","68.19","68.26","67.61","132.11M","-0.15%"
"Feb 19, 2018","67.95","68.27","68.54","67.83","100.80M","0.32%"
"Feb 16, 2018","67.73","67.26","68.10","67.23","97.66M","0.97%"
"Feb 15, 2018","67.08","67.00","67.82","66.82","123.79M","0.65%"
"Feb 14, 2018","66.65","67.00","67.37","65.94","148.36M","0.26%"
"Feb 13, 2018","66.48","66.40","66.79","66.29","161.80M","0.02%"
"Feb 12, 2018","66.47","67.71","67.97","66.46","132.14M","-0.12%"
"Feb 09, 2018","66.55","67.24","67.72","66.29","222.27M","-1.55%"
"Feb 08, 2018","67.60","67.14","68.66","66.50","203.67M","0.36%"
"Feb 07, 2018","67.36","66.76","67.70","66.18","231.36M","1.80%"
"Feb 06, 2018","66.17","66.45","67.59","66.03","285.32M","-2.85%"
"Feb 05, 2018","68.11","68.17","68.62","67.94","160.25M","-0.93%"
"Feb 02, 2018","68.75","69.31","69.47","68.58","137.03M","-0.82%"
"Feb 01, 2018","69.32","69.96","70.73","69.32","161.64M","-0.27%"
"Jan 31, 2018","69.51","70.52","70.71","69.34","168.66M","-1.43%"
"Jan 30, 2018","70.52","71.25","71.44","70.13","174.55M","-1.44%"
"Jan 29, 2018","71.55","71.26","71.76","71.19","117.05M","0.41%"
"Jan 26, 2018","71.26","71.66","72.20","71.15","157.33M","0.01%"
"Jan 25, 2018","71.25","72.00","72.22","71.06","169.62M","-1.04%"
"Jan 24, 2018","72.00","72.61","72.61","71.77","140.20M","-0.17%"
"Jan 23, 2018","72.12","72.21","72.77","71.90","176.54M","0.22%"
"Jan 22, 2018","71.96","71.36","71.96","71.17","145.95M","0.67%"
"Jan 19, 2018","71.48","71.22","71.74","70.55","159.97M","0.78%"
"Jan 18, 2018","70.93","70.34","70.93","70.08","129.94M","0.71%"
"Jan 17, 2018","70.43","70.70","70.95","69.92","160.01M","-0.09%"
"Jan 16, 2018","70.49","70.16","70.63","69.61","190.40M","-0.16%"
"Jan 15, 2018","70.60","70.50","70.72","70.32","93.25M","0.14%"
"Jan 12, 2018","70.50","70.00","70.68","69.69","162.54M","0.96%"
"Jan 11, 2018","69.83","69.17","70.02","68.71","173.17M","1.23%"
"Jan 10, 2018","68.98","68.16","69.27","68.11","133.84M","0.85%"
"Jan 09, 2018","68.40","69.33","69.39","68.03","103.17M","0.50%"
"Jan 08, 2018","68.06","68.36","68.44","67.93","73.77M","-0.01%"
"Jan 05, 2018","68.07","68.26","68.35","67.71","101.34M","0.01%"
"Jan 04, 2018","68.06","68.03","68.44","67.55","102.72M","0.87%"
"Jan 03, 2018","67.47","67.81","68.54","67.22","104.16M","-0.34%"
"Jan 02, 2018","67.70","68.20","68.74","67.43","125.03M","-0.53%"
"Dec 29, 2017","68.06","67.58","68.10","67.38","58.55M","0.73%"
"Dec 28, 2017","67.57","67.73","67.93","67.45","50.80M","-0.31%"
"Dec 27, 2017","67.78","67.50","67.91","67.14","87.74M","0.85%"
"Dec 22, 2017","67.21","66.88","67.44","66.74","31.79M","-0.15%"
"Dec 21, 2017","67.31","66.71","67.54","66.43","110.45M","1.11%"
"Dec 20, 2017","66.57","66.93","67.12","66.33","90.94M","-0.86%"
"Dec 19, 2017","67.15","66.41","67.39","66.41","114.22M","0.60%"
"Dec 18, 2017","66.75","66.89","67.00","66.24","81.15M","0.51%"
"Dec 15, 2017","66.41","66.24","66.53","65.85","219.17M","0.15%"
"Dec 14, 2017","66.31","66.88","67.21","66.31","120.66M","-1.56%"
"Dec 13, 2017","67.36","67.27","67.67","67.10","156.87M","-0.06%"
"Dec 12, 2017","67.40","66.53","67.40","66.10","207.38M","1.14%"
"Dec 11, 2017","66.64","67.22","67.75","66.56","187.36M","-0.24%"
"Dec 08, 2017","66.80","65.39","67.49","65.25","336.23M","3.55%"
"Dec 07, 2017","64.51","65.03","65.72","64.30","131.24M","-0.46%"
"Dec 06, 2017","64.81","65.00","65.72","64.49","78.57M","-0.52%"
"Dec 05, 2017","65.15","65.60","65.72","64.60","181.76M","-0.35%"
"Dec 04, 2017","65.38","65.22","65.66","64.82","142.76M","0.97%"
"Dec 01, 2017","64.75","65.88","66.08","64.69","200.04M","-1.89%"
"Nov 30, 2017","66.00","66.53","67.41","65.88","276.51M","-1.64%"
"Nov 29, 2017","67.10","65.55","67.39","65.25","315.70M","3.50%"
"Nov 28, 2017","64.83","65.05","65.40","63.56","326.62M","-1.01%"
"Nov 27, 2017","65.49","65.75","66.52","65.45","100.20M","-0.91%"
"Nov 24, 2017","66.09","65.75","66.52","65.46","82.24M","0.56%"
"Nov 23, 2017","65.72","65.74","66.52","65.46","65.19M","-0.27%"
"Nov 22, 2017","65.90","65.72","66.52","65.65","127.03M","0.27%"
"Nov 21, 2017","65.72","65.93","66.52","65.72","94.74M","-0.60%"
"Nov 20, 2017","66.12","65.99","66.52","65.79","72.96M","0.20%"
"Nov 17, 2017","65.99","65.91","66.32","65.60","124.79M","-0.11%"
"Nov 16, 2017","66.06","66.40","66.50","65.75","91.51M","-0.29%"
"Nov 15, 2017","66.25","66.31","66.43","65.76","124.95M","-0.60%"
"Nov 14, 2017","66.65","66.40","66.88","66.25","246.48M","0.33%"
"Nov 13, 2017","66.43","66.59","66.84","65.92","103.88M","-0.08%"
"Nov 10, 2017","66.48","66.58","66.98","66.36","113.99M","-0.30%"
"Nov 09, 2017","66.68","66.88","67.30","66.36","91.14M","-0.21%"
"Nov 08, 2017","66.82","67.08","67.17","66.48","143.84M","-0.71%"
"Nov 07, 2017","67.30","68.04","68.04","67.00","111.81M","-0.74%"
"Nov 06, 2017","67.80","67.52","67.92","67.28","127.74M","0.61%"
"Nov 03, 2017","67.39","68.00","68.10","67.18","104.72M","-0.81%"
"Nov 02, 2017","67.94","68.50","68.78","67.05","187.28M","-1.01%"
"Nov 01, 2017","68.63","68.74","69.06","68.31","135.79M","0.50%"
"Oct 31, 2017","68.29","67.88","68.32","67.71","117.38M","0.32%"
"Oct 30, 2017","68.07","68.78","69.12","67.97","130.20M","-1.22%"
"Oct 27, 2017","68.91","69.20","69.66","68.80","174.81M","-0.03%"
"Oct 26, 2017","68.93","68.20","69.01","67.32","265.83M","1.46%"
"Oct 25, 2017","67.94","66.15","68.23","65.54","284.11M","0.80%"
"Oct 24, 2017","67.40","67.00","67.64","66.89","141.48M","0.60%"
"Oct 23, 2017","67.00","67.00","67.27","66.49","114.86M","0.00%"
"Oct 20, 2017","67.00","67.25","67.56","66.90","141.92M","0.01%"
"Oct 19, 2017","66.99","66.58","67.03","66.26","128.67M","0.24%"
"Oct 18, 2017","66.83","66.49","66.96","65.83","137.61M","0.75%"
"Oct 17, 2017","66.33","65.60","66.90","65.40","360.19M","1.13%"
"Oct 16, 2017","65.59","65.99","65.99","65.18","126.54M","-0.47%"
"Oct 13, 2017","65.90","66.17","66.63","65.84","110.21M","-0.60%"
"Oct 12, 2017","66.30","66.83","66.84","66.04","174.48M","-0.30%"
"Oct 11, 2017","66.50","67.25","67.30","66.10","348.43M","-0.89%"
"Oct 10, 2017","67.10","67.60","67.95","66.63","387.85M","0.83%"
"Oct 09, 2017","66.55","66.49","67.45","66.16","202.31M","-0.08%"
"Oct 06, 2017","66.60","67.50","67.50","66.26","161.09M","-1.04%"
"Oct 05, 2017","67.30","67.68","67.82","66.63","134.19M","-0.44%"
"Oct 04, 2017","67.60","67.40","67.90","67.15","181.54M","0.00%"
"Oct 03, 2017","67.60","67.58","67.91","67.27","177.94M","0.15%"
"Oct 02, 2017","67.50","67.64","68.05","66.94","145.74M","-0.34%"
"Sep 29, 2017","67.73","67.16","68.07","66.87","133.41M","0.76%"
"Sep 28, 2017","67.22","68.00","68.00","66.56","150.56M","0.03%"
"Sep 27, 2017","67.20","65.40","67.43","65.30","221.59M","3.40%"
"Sep 26, 2017","64.99","65.92","65.96","64.78","148.21M","-1.34%"
"Sep 25, 2017","65.87","66.76","66.78","65.77","116.48M","-1.55%"
"Sep 22, 2017","66.91","67.45","67.49","65.80","117.34M","-0.80%"
"Sep 21, 2017","67.45","65.80","67.50","65.60","168.88M","2.65%"
"Sep 20, 2017","65.71","66.08","66.08","65.06","154.28M","-0.44%"
"Sep 19, 2017","66.00","65.60","66.21","65.36","169.73M","1.07%"
"Sep 18, 2017","65.30","65.65","65.99","65.25","155.28M","-0.03%"
"Sep 15, 2017","65.32","66.93","66.93","65.27","303.46M","-1.63%"
"Sep 14, 2017","66.40","64.89","66.65","64.19","331.33M","2.19%"
"Sep 13, 2017","64.98","64.83","65.20","64.22","139.49M","0.22%"
"Sep 12, 2017","64.84","63.69","65.02","63.65","139.38M","1.90%"
"Sep 11, 2017","63.63","64.03","64.19","63.07","106.93M","-0.22%"
"Sep 08, 2017","63.77","63.02","63.98","62.71","101.93M","1.09%"
"Sep 07, 2017","63.08","63.06","63.34","62.20","164.43M","0.05%"
"Sep 06, 2017","63.05","62.65","63.30","62.50","111.24M","-0.08%"
"Sep 05, 2017","63.10","63.61","63.65","62.88","115.95M","-0.47%"
"Sep 04, 2017","63.40","63.00","63.65","63.00","63.31M","-0.46%"
"Sep 01, 2017","63.69","63.72","64.13","63.52","109.47M","-0.20%"
"Aug 31, 2017","63.82","63.80","65.26","63.26","149.45M","0.35%"
"Aug 30, 2017","63.60","64.60","64.60","63.20","141.07M","-0.39%"
"Aug 29, 2017","63.85","64.77","64.86","63.15","147.93M","-1.63%"
"Aug 25, 2017","64.91","65.00","65.28","64.73","71.13M","0.28%"
"Aug 24, 2017","64.73","65.19","65.57","64.65","238.37M","-1.02%"
"Aug 23, 2017","65.40","65.02","65.86","64.85","113.83M","0.55%"
"Aug 22, 2017","65.04","64.75","65.28","64.35","153.70M","0.73%"
"Aug 21, 2017","64.57","63.61","64.59","63.57","111.46M","1.03%"
"Aug 18, 2017","63.91","63.85","64.30","63.64","182.72M","-0.76%"
"Aug 17, 2017","64.40","65.45","65.72","64.38","109.59M","-1.45%"
"Aug 16, 2017","65.35","65.62","65.85","65.34","92.21M","-0.37%"
"Aug 15, 2017","65.59","65.00","65.76","64.81","80.00M","1.13%"
"Aug 14, 2017","64.86","64.75","65.50","64.66","81.84M","0.34%"
"Aug 11, 2017","64.64","64.42","65.00","63.85","128.79M","-0.29%"
"Aug 10, 2017","64.83","65.61","66.58","64.57","143.21M","-3.11%"
"Aug 09, 2017","66.91","66.82","66.96","66.22","169.43M","-0.52%"
"Aug 08, 2017","67.26","66.59","67.38","66.41","116.26M","1.14%"
"Aug 07, 2017","66.50","67.21","67.21","66.25","84.90M","-0.46%"
"Aug 04, 2017","66.81","66.64","67.15","66.25","161.94M","0.45%"
"Aug 03, 2017","66.51","65.49","67.00","65.27","178.88M","1.45%"
"Aug 02, 2017","65.56","65.69","65.86","64.93","163.19M","-0.02%"
"Aug 01, 2017","65.57","65.80","65.99","65.38","139.58M","-0.02%"
"Jul 31, 2017","65.58","66.32","66.75","65.53","241.46M","-1.38%"
"Jul 28, 2017","66.50","67.41","67.41","66.36","213.23M","-1.48%"
"Jul 27, 2017","67.50","69.25","69.45","66.85","278.88M","-2.29%"
"Jul 26, 2017","69.08","68.82","69.30","68.12","136.79M","0.12%"
"Jul 25, 2017","69.00","68.00","69.10","67.87","139.58M","1.63%"
"Jul 24, 2017","67.89","68.10","68.31","67.52","180.76M","-0.32%"
"Jul 21, 2017","68.11","68.74","68.74","67.63","112.16M","-0.84%"
"Jul 20, 2017","68.69","68.30","69.02","67.94","138.10M","0.90%"
"Jul 19, 2017","68.08","67.21","68.09","66.75","136.72M","1.76%"
"Jul 18, 2017","66.90","67.02","67.21","66.67","107.04M","-0.34%"
"Jul 17, 2017","67.13","67.26","67.32","66.18","114.77M","0.28%"
"Jul 14, 2017","66.94","68.00","68.00","66.81","228.88M","-0.68%"
"Jul 13, 2017","67.40","66.25","68.11","66.20","171.88M","2.06%"
"Jul 12, 2017","66.04","66.36","66.52","65.70","113.11M","0.75%"
"Jul 11, 2017","65.55","66.91","66.96","65.46","105.57M","-1.52%"
"Jul 10, 2017","66.56","66.99","67.08","65.61","117.50M","0.05%"
"Jul 07, 2017","66.53","66.80","66.98","66.40","111.18M","-0.22%"
"Jul 06, 2017","66.68","65.65","66.79","65.37","154.39M","1.51%"
"Jul 05, 2017","65.69","66.62","66.69","65.35","253.06M","-0.95%"
"Jul 04, 2017","66.32","66.68","67.22","66.31","137.58M","-0.58%"
"Jul 03, 2017","66.71","66.18","67.23","66.15","118.38M","0.85%"
"Jun 30, 2017","66.15","67.30","67.59","66.06","298.31M","-1.49%"
"Jun 29, 2017","67.15","67.19","67.72","66.48","210.89M","0.83%"
"Jun 28, 2017","66.60","66.75","66.89","66.07","178.02M","-0.18%"
"Jun 27, 2017","66.72","66.15","66.94","65.98","143.20M","0.33%"
"Jun 26, 2017","66.50","66.99","67.25","66.39","145.51M","-0.27%"
"Jun 23, 2017","66.68","66.85","67.17","66.51","123.79M","-0.48%"
"Jun 22, 2017","67.00","67.42","67.42","66.05","167.94M","-0.25%"
"Jun 21, 2017","67.17","66.98","67.77","66.04","187.90M","0.24%"
"Jun 20, 2017","67.01","68.71","68.81","67.01","235.86M","-2.46%"
"Jun 19, 2017","68.70","69.00","69.40","68.47","109.23M","0.23%"
"Jun 16, 2017","68.54","68.07","68.54","67.96","632.15M","0.81%"
"Jun 15, 2017","67.99","68.10","68.27","67.00","296.46M","0.13%"
"Jun 14, 2017","67.90","68.35","68.60","67.63","261.84M","-1.01%"
"Jun 13, 2017","68.59","69.42","69.80","68.50","165.06M","-0.74%"
"Jun 12, 2017","69.10","69.97","70.00","68.87","163.43M","-1.30%"
"Jun 09, 2017","70.01","69.00","70.12","67.00","318.05M","-1.00%"
"Jun 08, 2017","70.72","70.39","71.42","69.39","198.72M","0.91%"
"Jun 07, 2017","70.08","68.63","70.39","68.57","166.40M","1.65%"
"Jun 06, 2017","68.94","69.50","69.65","68.50","175.48M","-0.65%"
"Jun 05, 2017","69.39","69.56","70.69","68.74","137.56M","0.06%"
"Jun 02, 2017","69.35","70.82","70.92","69.20","202.65M","-1.15%"
"Jun 01, 2017","70.16","70.60","70.98","70.07","224.50M","-0.61%"
"May 31, 2017","70.59","71.36","71.50","70.37","879.23M","-0.75%"
"May 30, 2017","71.12","71.50","71.70","71.03","146.12M","-0.86%"
"May 26, 2017","71.74","73.16","73.33","71.55","249.51M","-1.86%"
"May 25, 2017","73.10","73.04","73.58","72.81","132.06M","0.73%"
"May 24, 2017","72.57","72.30","73.22","72.06","209.19M","0.57%"
"May 23, 2017","72.16","71.89","72.59","71.77","114.29M","0.52%"
"May 22, 2017","71.79","72.24","72.59","71.75","130.88M","0.01%"
"May 19, 2017","71.78","71.62","72.16","71.13","138.24M","0.70%"
"May 18, 2017","71.28","71.52","72.16","70.89","214.54M","-0.34%"
"May 17, 2017","71.52","70.40","72.44","70.09","404.84M","1.95%"
"May 16, 2017","70.15","69.71","70.78","69.41","314.23M","1.10%"
"May 15, 2017","69.39","68.99","70.00","68.29","197.69M","1.00%"
"May 12, 2017","68.70","69.47","70.62","68.02","235.64M","-1.38%"
"May 11, 2017","69.66","70.00","70.00","69.10","146.78M","-0.31%"
"May 10, 2017","69.88","69.19","69.98","69.08","170.95M","1.25%"
"May 09, 2017","69.02","69.66","69.77","68.88","145.49M","-0.62%"
"May 08, 2017","69.45","70.28","70.30","69.25","118.03M","-0.79%"
"May 05, 2017","70.00","70.16","70.94","69.58","196.47M","0.00%"
"May 04, 2017","70.00","69.44","70.01","68.95","203.06M","1.36%"
"May 03, 2017","69.06","69.21","69.38","68.73","141.91M","-0.20%"
"May 02, 2017","69.20","69.68","71.15","68.93","190.07M","0.00%"
"Apr 28, 2017","69.20","69.52","69.76","68.27","337.86M","0.33%"
"Apr 27, 2017","68.97","70.70","72.35","67.41","483.64M","2.31%"
"Apr 26, 2017","67.41","67.07","67.50","66.36","219.30M","0.69%"
"Apr 25, 2017","66.95","66.24","67.15","63.46","237.17M","1.07%"
"Apr 24, 2017","66.24","65.71","66.75","64.39","350.13M","2.91%"
"Apr 21, 2017","64.37","64.18","64.56","63.46","209.10M","0.48%"
"Apr 20, 2017","64.06","63.61","64.74","63.60","194.94M","0.63%"
"Apr 19, 2017","63.66","62.05","66.38","62.05","266.26M","2.35%"
"Apr 18, 2017","62.20","62.90","62.90","61.81","227.74M","-0.81%"
"Apr 13, 2017","62.71","62.55","63.04","62.32","140.64M","0.27%"
"Apr 12, 2017","62.54","63.16","63.57","62.49","195.28M","-0.67%"
"Apr 11, 2017","62.96","63.05","63.41","62.68","212.55M","-0.14%"
"Apr 10, 2017","63.05","62.98","63.46","62.67","194.98M","0.05%"
"Apr 07, 2017","63.02","63.15","65.25","62.78","230.49M","-0.90%"
"Apr 06, 2017","63.59","65.80","65.80","62.78","267.95M","-2.15%"
"Apr 05, 2017","64.99","65.35","65.63","64.99","198.18M","-0.03%"
"Apr 04, 2017","65.01","65.65","66.26","64.76","199.86M","-0.79%"
"Apr 03, 2017","65.53","66.23","66.33","65.43","162.67M","-0.43%"
"Mar 31, 2017","65.81","66.22","66.32","65.25","199.35M","-0.50%"
"Mar 30, 2017","66.14","66.11","66.54","65.93","158.60M","0.17%"
"Mar 29, 2017","66.03","66.47","66.54","65.63","184.27M","-0.38%"
"Mar 28, 2017","66.28","66.78","66.85","65.53","235.68M","-0.24%"
"Mar 27, 2017","66.44","65.89","66.57","64.52","220.06M","-1.61%"
"Mar 24, 2017","67.53","67.77","68.09","67.47","122.16M","-0.56%"
"Mar 23, 2017","67.91","67.22","68.08","66.83","166.86M","1.19%"
"Mar 22, 2017","67.11","67.71","69.22","66.78","250.82M","-1.63%"
"Mar 21, 2017","68.22","69.07","69.53","67.66","209.41M","-0.80%"
"Mar 20, 2017","68.77","68.62","69.18","68.23","114.33M","-0.06%"
"Mar 17, 2017","68.81","69.16","69.57","68.50","655.65M","-0.35%"
"Mar 16, 2017","69.05","68.39","69.26","67.69","313.77M","1.98%"
"Mar 15, 2017","67.71","67.53","68.53","67.46","215.69M","0.56%"
"Mar 14, 2017","67.33","68.17","68.29","66.01","251.40M","-1.01%"
"Mar 13, 2017","68.02","68.09","68.54","67.78","149.21M","-0.31%"
"Mar 10, 2017","68.23","68.21","68.94","67.81","185.72M","0.29%"
"Mar 09, 2017","68.03","67.78","68.26","67.52","236.12M","0.35%"
"Mar 08, 2017","67.79","67.19","68.39","66.89","197.69M","1.21%"
"Mar 07, 2017","66.98","66.99","67.15","66.35","218.28M","-0.01%"
"Mar 06, 2017","66.99","67.80","67.90","66.69","184.32M","-1.34%"
"Mar 03, 2017","67.90","68.03","68.52","67.46","284.29M","-0.70%"
"Mar 02, 2017","68.38","68.01","68.98","67.85","244.81M","0.10%"
"Mar 01, 2017","68.31","68.47","68.88","67.90","281.34M","0.23%"
"Feb 28, 2017","68.15","68.92","69.08","67.91","210.19M","-0.76%"
"Feb 27, 2017","68.67","69.05","69.66","68.42","166.45M","-0.12%"
"Feb 24, 2017","68.75","69.28","69.52","67.79","189.68M","-0.39%"
"Feb 23, 2017","69.02","69.32","70.51","68.90","237.84M","-0.22%"
"Feb 22, 2017","69.17","68.52","69.49","67.72","549.49M","4.39%"
"Feb 21, 2017","66.26","66.39","67.11","66.03","239.58M","-0.87%"
"Feb 20, 2017","66.84","66.37","67.21","66.37","142.56M","0.74%"
"Feb 17, 2017","66.35","66.95","67.08","65.78","163.30M","-0.58%"
"Feb 16, 2017","66.74","66.98","67.29","66.57","166.74M","-0.31%"
"Feb 15, 2017","66.95","66.24","67.40","66.00","171.37M","1.47%"
"Feb 14, 2017","65.98","65.47","66.17","65.26","127.03M","0.96%"
"Feb 13, 2017","65.35","65.17","65.63","64.81","112.80M","0.32%"
"Feb 10, 2017","65.14","66.04","66.10","64.95","205.30M","-0.76%"
"Feb 09, 2017","65.64","65.28","65.77","64.56","143.38M","0.86%"
"Feb 08, 2017","65.08","65.59","65.69","64.43","187.16M","-0.84%"
"Feb 07, 2017","65.63","65.49","66.26","65.18","133.11M","0.11%"
"Feb 06, 2017","65.56","65.81","66.20","65.52","117.75M","0.32%"
"Feb 03, 2017","65.35","64.50","65.64","64.23","166.79M","1.49%"
"Feb 02, 2017","64.39","64.66","65.06","64.06","137.75M","-0.82%"
"Feb 01, 2017","64.92","65.15","65.68","64.90","159.86M","0.76%"
"Jan 31, 2017","64.43","64.52","65.44","64.36","153.17M","0.03%"
"Jan 30, 2017","64.41","64.98","65.24","64.33","153.58M","-1.47%"
"Jan 27, 2017","65.37","65.55","65.99","64.60","125.96M","-0.44%"
"Jan 26, 2017","65.66","65.40","66.48","65.23","183.64M","0.95%"
"Jan 25, 2017","65.04","64.33","65.25","63.78","160.06M","2.09%"
"Jan 24, 2017","63.71","64.33","64.74","63.51","132.40M","-0.31%"
"Jan 23, 2017","63.91","64.11","64.72","63.40","148.45M","-1.02%"
"Jan 20, 2017","64.57","64.66","65.03","64.08","170.59M","0.50%"
"Jan 19, 2017","64.25","64.51","65.06","63.76","153.61M","-0.68%"
"Jan 18, 2017","64.69","65.60","65.71","63.86","181.26M","-0.40%"
"Jan 17, 2017","64.95","63.87","65.72","63.34","212.82M","1.17%"
"Jan 16, 2017","64.20","65.15","66.55","63.98","137.28M","-2.04%"
"Jan 13, 2017","65.54","65.80","66.55","65.34","153.14M","0.02%"
"Jan 12, 2017","65.53","65.48","66.74","65.47","191.53M","-0.46%"
"Jan 11, 2017","65.83","66.36","66.61","65.64","178.44M","-0.36%"
"Jan 10, 2017","66.07","64.42","66.29","63.78","259.20M","2.09%"
"Jan 09, 2017","64.72","65.30","65.89","64.20","186.98M","-1.04%"
"Jan 06, 2017","65.40","64.97","65.88","64.73","209.82M","1.93%"
"Jan 05, 2017","64.16","64.09","64.43","63.72","138.42M","-0.19%"
"Jan 04, 2017","64.28","64.51","64.73","63.88","149.80M","0.23%"
"Jan 03, 2017","64.13","62.14","64.50","62.14","200.74M","3.39%"
"Dec 30, 2016","62.03","62.39","62.48","61.61","72.50M","-0.43%"
"Dec 29, 2016","62.30","62.59","62.85","62.02","100.39M","-1.21%"
"Dec 28, 2016","63.06","63.01","63.25","62.62","90.49M","-0.39%"
"Dec 23, 2016","63.31","63.45","63.58","63.16","31.17M","-0.31%"
"Dec 22, 2016","63.51","63.34","63.77","63.15","92.35M","-0.44%"
"Dec 21, 2016","63.79","63.44","64.05","63.08","131.16M","0.54%"
"Dec 20, 2016","63.45","61.92","64.14","61.76","221.38M","2.22%"
"Dec 19, 2016","62.07","63.40","63.51","61.92","134.98M","-1.93%"
"Dec 16, 2016","63.29","64.01","64.34","63.29","246.99M","-0.92%"
"Dec 15, 2016","63.88","62.60","63.88","61.73","290.81M","2.57%"
"Dec 14, 2016","62.28","61.96","63.71","61.84","266.47M","0.34%"
"Dec 13, 2016","62.07","60.55","62.24","60.38","207.62M","1.90%"
"Dec 12, 2016","60.91","61.27","61.63","60.61","195.59M","-0.59%"
"Dec 09, 2016","61.27","62.18","62.30","60.87","164.69M","-1.64%"
"Dec 08, 2016","62.29","61.53","62.54","61.19","241.41M","0.81%"
"Dec 07, 2016","61.79","59.29","61.79","59.22","371.48M","4.68%"
"Dec 06, 2016","59.03","58.05","59.05","57.83","176.04M","2.11%"
"Dec 05, 2016","57.81","56.64","58.37","56.50","148.10M","1.23%"
"Dec 02, 2016","57.11","56.86","57.26","56.64","105.71M","-0.07%"
"Dec 01, 2016","57.15","57.02","58.10","56.50","207.55M","-0.49%"
"Nov 30, 2016","57.43","57.30","58.41","56.96","263.72M","0.28%"
"Nov 29, 2016","57.27","56.90","57.48","56.53","143.53M","-0.26%"
"Nov 28, 2016","57.42","58.10","58.22","57.05","158.82M","-1.54%"
"Nov 25, 2016","58.32","59.21","59.21","58.16","89.65M","-1.52%"
"Nov 24, 2016","59.22","59.15","59.30","58.77","78.12M","0.07%"
"Nov 23, 2016","59.18","59.45","59.63","58.59","115.25M","-0.19%"
"Nov 22, 2016","59.29","59.11","59.68","59.00","168.67M","1.07%"
"Nov 21, 2016","58.66","58.98","59.15","57.84","204.48M","-0.56%"
"Nov 18, 2016","58.99","59.54","59.54","58.66","124.78M","-0.89%"
"Nov 17, 2016","59.52","59.26","60.52","58.89","174.22M","-0.72%"
"Nov 16, 2016","59.95","60.93","61.28","59.30","179.22M","-1.61%"
"Nov 15, 2016","60.93","60.58","61.62","59.92","305.14M","1.36%"
"Nov 14, 2016","60.11","59.54","60.17","58.79","212.90M","1.80%"
"Nov 11, 2016","59.05","59.23","59.60","58.36","244.08M","-0.20%"
"Nov 10, 2016","59.17","57.06","59.89","55.35","514.20M","3.68%"
"Nov 09, 2016","57.07","53.98","57.07","53.64","265.55M","2.26%"
"Nov 08, 2016","55.81","55.75","55.97","55.14","177.86M","0.31%"
"Nov 07, 2016","55.64","55.95","55.95","55.04","180.72M","1.09%"
"Nov 04, 2016","55.04","55.97","56.35","54.88","189.15M","-1.01%"
"Nov 03, 2016","55.60","54.54","57.18","54.20","252.80M","1.59%"
"Nov 02, 2016","54.73","55.37","56.52","54.55","154.18M","-1.94%"
"Nov 01, 2016","55.81","57.06","57.06","55.60","148.51M","-1.78%"
"Oct 31, 2016","56.82","56.77","57.24","56.55","192.14M","-0.84%"
"Oct 28, 2016","57.30","57.15","57.51","56.55","226.16M","0.42%"
"Oct 27, 2016","57.06","55.30","57.18","54.52","311.90M","2.90%"
"Oct 26, 2016","55.45","53.09","55.58","52.84","333.88M","0.95%"
"Oct 25, 2016","54.93","54.62","55.12","53.57","219.45M","0.70%"
"Oct 24, 2016","54.55","54.96","55.45","54.32","124.65M","-0.31%"
"Oct 21, 2016","54.72","54.85","55.30","54.61","114.95M","-0.76%"
"Oct 20, 2016","55.14","54.46","55.44","54.08","164.94M","1.27%"
"Oct 19, 2016","54.45","53.59","54.58","53.38","165.00M","1.72%"
"Oct 18, 2016","53.53","52.81","53.69","52.35","142.96M","2.12%"
"Oct 17, 2016","52.42","51.62","55.26","51.45","122.12M","0.75%"
"Oct 14, 2016","52.03","52.23","52.96","51.83","142.60M","-0.19%"
"Oct 13, 2016","52.13","52.49","52.69","51.28","193.73M","-0.95%"
"Oct 12, 2016","52.63","53.08","53.39","52.14","187.81M","-1.13%"
"Oct 11, 2016","53.23","52.24","53.28","51.77","284.12M","2.40%"
"Oct 10, 2016","51.98","52.03","52.42","50.45","267.73M","-0.23%"
"Oct 07, 2016","52.10","54.22","54.89","51.40","488.47M","-4.53%"
"Oct 06, 2016","54.57","54.45","55.00","54.31","156.84M","0.53%"
"Oct 05, 2016","54.28","54.47","54.65","53.59","136.34M","-0.13%"
"Oct 04, 2016","54.35","54.39","55.37","53.36","282.63M","0.11%"
"Oct 03, 2016","54.29","53.87","54.53","53.63","136.84M","0.30%"
"Sep 30, 2016","54.13","53.64","54.45","52.60","307.38M","-1.71%"
"Sep 29, 2016","55.07","55.81","55.84","54.99","247.13M","-0.07%"
"Sep 28, 2016","55.11","54.46","55.33","53.68","195.32M","1.64%"
"Sep 27, 2016","54.22","54.39","54.45","53.19","200.01M","0.71%"
"Sep 26, 2016","53.84","54.68","55.90","53.33","221.75M","-3.08%"
"Sep 23, 2016","55.55","56.56","56.70","55.53","161.98M","-2.05%"
"Sep 22, 2016","56.71","56.56","57.06","55.64","148.12M","0.09%"
"Sep 21, 2016","56.66","56.92","57.59","56.39","148.48M","1.16%"
"Sep 20, 2016","56.01","56.56","56.79","56.00","107.81M","-0.97%"
"Sep 19, 2016","56.56","56.62","56.78","55.86","109.63M","0.86%"
"Sep 16, 2016","56.08","55.84","56.56","55.49","240.27M","-0.39%"
"Sep 15, 2016","56.30","56.38","56.67","55.60","100.87M","-0.16%"
"Sep 14, 2016","56.39","56.37","56.59","55.74","114.80M","0.77%"
"Sep 13, 2016","55.96","56.53","56.82","55.81","133.30M","-1.01%"
"Sep 12, 2016","56.53","57.67","57.95","56.20","194.48M","-3.96%"
"Sep 09, 2016","58.86","58.28","59.22","57.80","166.53M","0.77%"
"Sep 08, 2016","58.41","57.04","58.63","57.04","169.66M","2.15%"
"Sep 07, 2016","57.18","57.66","57.85","56.52","186.87M","-0.80%"
"Sep 06, 2016","57.64","59.36","59.44","57.60","172.01M","-2.62%"
"Sep 05, 2016","59.19","59.79","60.51","58.84","137.38M","-2.13%"
"Sep 02, 2016","60.48","60.49","61.53","59.50","288.91M","0.50%"
"Sep 01, 2016","60.18","59.39","61.58","59.06","248.70M","2.17%"
"Aug 31, 2016","58.90","58.41","59.69","58.40","198.44M","0.84%"
"Aug 30, 2016","58.41","57.34","58.73","57.06","136.77M","1.46%"
"Aug 26, 2016","57.57","57.62","58.17","57.46","106.07M","-0.60%"
"Aug 25, 2016","57.92","58.58","58.67","57.79","132.90M","-1.53%"
"Aug 24, 2016","58.82","56.84","58.97","56.78","266.16M","2.92%"
"Aug 23, 2016","57.15","55.55","57.40","55.14","248.32M","3.68%"
"Aug 22, 2016","55.12","54.59","55.57","54.08","169.67M","0.55%"
"Aug 19, 2016","54.82","53.30","54.82","53.05","225.85M","2.54%"
"Aug 18, 2016","53.46","53.34","53.65","52.93","95.37M","0.73%"
"Aug 17, 2016","53.07","53.89","54.14","52.70","129.33M","-0.88%"
"Aug 16, 2016","53.54","53.69","54.06","53.26","119.28M","-1.00%"
"Aug 15, 2016","54.08","55.23","55.44","53.79","103.65M","-1.64%"
"Aug 12, 2016","54.98","54.41","56.12","53.59","110.64M","0.33%"
"Aug 11, 2016","54.80","54.77","55.27","54.08","164.46M","-0.49%"
"Aug 10, 2016","55.07","54.25","55.21","53.98","154.49M","0.82%"
"Aug 09, 2016","54.62","54.25","54.71","53.84","211.98M","0.91%"
"Aug 08, 2016","54.13","53.25","54.21","52.80","155.08M","2.64%"
"Aug 05, 2016","52.74","51.45","52.74","50.29","262.19M","2.31%"
"Aug 04, 2016","51.55","52.77","53.56","51.55","236.92M","-1.98%"
"Aug 03, 2016","52.59","52.43","53.15","52.22","158.12M","0.50%"
"Aug 02, 2016","52.33","52.60","52.61","51.03","201.75M","-0.97%"
"Aug 01, 2016","52.84","53.25","53.63","52.40","126.99M","0.19%"
"Jul 29, 2016","52.74","52.37","54.18","52.05","181.06M","1.23%"
"Jul 28, 2016","52.10","53.69","54.64","52.09","521.81M","-5.82%"
"Jul 27, 2016","55.32","53.99","55.84","53.65","163.89M","2.98%"
"Jul 26, 2016","53.72","53.05","54.27","52.55","163.22M","0.62%"
"Jul 25, 2016","53.39","53.71","54.57","53.01","190.56M","-1.26%"
"Jul 22, 2016","54.07","55.53","55.78","53.89","185.24M","-3.05%"
"Jul 21, 2016","55.77","56.16","56.71","55.76","176.00M","-1.01%"
"Jul 20, 2016","56.34","55.36","56.43","54.46","174.75M","2.42%"
"Jul 19, 2016","55.01","55.01","55.32","54.16","104.84M","-0.29%"
"Jul 18, 2016","55.17","55.37","55.99","54.29","176.11M","-0.70%"
"Jul 15, 2016","55.56","55.38","56.92","55.20","154.95M","-0.38%"
"Jul 14, 2016","55.77","55.75","56.22","54.84","228.40M","1.58%"
"Jul 13, 2016","54.90","55.80","56.36","54.88","187.55M","-1.65%"
"Jul 12, 2016","55.82","54.83","57.29","54.53","327.39M","2.55%"
"Jul 11, 2016","54.43","52.82","54.69","52.21","236.76M","4.27%"
"Jul 08, 2016","52.20","49.09","52.51","48.82","254.78M","5.84%"
"Jul 07, 2016","49.32","46.94","50.51","46.94","324.61M","4.51%"
"Jul 06, 2016","47.19","50.61","51.07","46.74","589.06M","-6.79%"
"Jul 05, 2016","50.63","52.17","52.76","50.63","328.32M","-3.96%"
"Jul 04, 2016","52.72","54.47","54.94","52.67","179.36M","-2.26%"
"Jul 01, 2016","53.94","55.11","55.47","53.02","261.71M","0.54%"
"Jun 30, 2016","53.65","54.84","55.06","52.87","383.60M","-2.63%"
"Jun 29, 2016","55.10","55.52","68.72","54.37","350.58M","1.05%"
"Jun 28, 2016","54.53","53.09","54.71","51.61","407.20M","7.43%"
"Jun 27, 2016","50.76","55.15","55.57","50.61","774.91M","-10.25%"
"Jun 24, 2016","56.56","50.61","60.28","50.59","1.67B","-21.01%"
"Jun 23, 2016","71.60","70.63","71.70","69.48","216.34M","2.27%"
"Jun 22, 2016","70.01","70.06","70.91","68.72","200.62M","0.32%"
"Jun 21, 2016","69.79","69.47","70.16","64.03","205.05M","0.46%"
"Jun 20, 2016","69.47","67.73","69.54","64.03","252.17M","7.62%"
"Jun 17, 2016","64.55","62.02","64.98","61.71","290.88M","6.01%"
"Jun 16, 2016","60.89","61.53","62.04","60.72","193.43M","-2.61%"
"Jun 15, 2016","62.52","62.46","63.05","62.16","212.23M","1.31%"
"Jun 14, 2016","61.71","63.52","63.57","61.71","211.56M","-3.18%"
"Jun 13, 2016","63.74","65.66","66.13","63.70","244.58M","-4.21%"
"Jun 10, 2016","66.54","68.28","68.50","66.44","122.97M","-2.97%"
"Jun 09, 2016","68.58","69.15","69.15","68.45","97.03M","-1.08%"
"Jun 08, 2016","69.33","69.28","70.09","68.80","100.31M","-0.55%"
"Jun 07, 2016","69.71","69.48","70.46","69.42","136.52M","0.87%"
"Jun 06, 2016","69.11","69.42","69.78","68.87","155.22M","-0.52%"
"Jun 03, 2016","69.47","70.51","70.76","68.99","98.81M","-0.74%"
"Jun 02, 2016","69.99","70.70","71.41","69.90","281.55M","-1.14%"
"Jun 01, 2016","70.80","71.74","71.74","69.94","276.19M","-0.94%"
"May 31, 2016","71.47","72.44","72.71","71.08","562.45M","-0.60%"
"May 27, 2016","71.90","72.33","72.55","71.58","133.56M","-0.48%"
"May 26, 2016","72.25","73.44","73.44","71.47","144.35M","-1.27%"
"May 25, 2016","73.18","72.41","73.18","72.11","222.65M","1.82%"
"May 24, 2016","71.87","69.45","71.87","69.20","214.82M","3.14%"
"May 23, 2016","69.68","69.95","70.61","69.36","114.51M","-0.17%"
"May 20, 2016","69.80","69.37","69.81","68.62","157.65M","1.82%"
"May 19, 2016","68.55","69.33","70.42","68.50","249.46M","-0.61%"
"May 18, 2016","68.97","66.86","69.22","66.49","254.78M","3.29%"
"May 17, 2016","66.77","66.63","67.15","66.39","198.75M","0.92%"
"May 16, 2016","66.16","65.32","66.34","65.08","70.19M","0.41%"
"May 13, 2016","65.89","64.23","65.91","64.03","113.25M","2.30%"
"May 12, 2016","64.41","64.77","65.40","63.82","99.01M","-1.20%"
"May 11, 2016","65.19","64.61","65.21","64.02","91.61M","0.42%"
"May 10, 2016","64.92","64.02","65.18","63.93","102.98M","1.63%"
"May 09, 2016","63.88","65.06","65.49","63.82","101.10M","-0.98%"
"May 06, 2016","64.51","63.31","64.71","63.16","117.47M","1.45%"
"May 05, 2016","63.59","64.51","64.78","63.41","117.57M","-1.10%"
"May 04, 2016","64.30","64.98","65.40","64.28","112.16M","-1.21%"
"May 03, 2016","65.09","66.98","67.45","65.06","175.27M","-2.21%"
"Apr 29, 2016","66.56","67.40","67.80","66.19","160.09M","-1.52%"
"Apr 28, 2016","67.59","65.91","68.06","65.59","232.50M","-1.64%"
"Apr 27, 2016","68.72","69.34","69.45","68.03","125.64M","-1.08%"
"Apr 26, 2016","69.47","67.48","70.24","67.22","165.51M","3.58%"
"Apr 25, 2016","67.07","67.71","68.12","66.60","106.68M","-0.61%"
"Apr 22, 2016","67.48","68.15","68.65","67.22","109.79M","-1.03%"
"Apr 21, 2016","68.18","67.30","68.29","67.19","132.64M","1.40%"
"Apr 20, 2016","67.24","66.92","67.53","66.28","142.27M","-0.13%"
"Apr 19, 2016","67.33","67.92","68.32","67.33","127.01M","-0.88%"
"Apr 18, 2016","67.93","66.94","68.11","66.69","85.20M","0.37%"
"Apr 15, 2016","67.68","68.42","68.57","67.37","109.77M","-0.86%"
"Apr 14, 2016","68.27","68.72","69.11","68.02","158.86M","-0.29%"
"Apr 13, 2016","68.47","67.03","70.14","66.97","170.40M","3.54%"
"Apr 12, 2016","66.13","65.78","66.49","65.09","123.79M","1.71%"
"Apr 11, 2016","65.02","65.40","66.01","64.93","75.32M","-0.58%"
"Apr 08, 2016","65.40","64.50","66.79","64.40","87.43M","1.66%"
"Apr 07, 2016","64.33","66.20","67.55","64.08","124.60M","-4.07%"
"Apr 06, 2016","67.06","66.19","67.31","65.88","127.69M","1.70%"
"Apr 05, 2016","65.94","66.86","67.09","65.66","160.13M","-2.02%"
"Apr 04, 2016","67.30","66.74","67.66","66.66","96.10M","0.54%"
"Apr 01, 2016","66.94","66.57","67.48","66.34","112.78M","-0.09%"
"Mar 31, 2016","67.00","66.62","67.24","66.23","128.63M","0.31%"
"Mar 30, 2016","66.79","67.44","67.78","66.59","147.55M","-0.30%"
"Mar 29, 2016","66.99","67.47","68.07","66.47","88.05M","-0.06%"
"Mar 24, 2016","67.03","67.50","67.85","66.93","97.84M","-1.24%"
"Mar 23, 2016","67.87","68.35","68.64","67.43","80.81M","-0.66%"
"Mar 22, 2016","68.32","68.53","68.59","67.46","109.79M","-0.63%"
"Mar 21, 2016","68.75","68.52","69.35","68.39","79.19M","-0.16%"
"Mar 18, 2016","68.86","69.01","69.96","68.61","194.25M","0.86%"
"Mar 17, 2016","68.27","68.36","68.39","66.68","130.19M","0.75%"
"Mar 16, 2016","67.76","68.19","68.59","67.15","123.53M","-0.62%"
"Mar 15, 2016","68.18","68.84","69.18","68.01","100.26M","-1.56%"
"Mar 14, 2016","69.26","69.45","69.93","68.80","110.73M","0.23%"
"Mar 11, 2016","69.10","69.19","69.95","67.93","111.04M","1.74%"
"Mar 10, 2016","67.92","68.96","69.94","67.92","169.30M","-1.18%"
"Mar 09, 2016","68.73","69.82","70.33","68.67","131.59M","-1.22%"
"Mar 08, 2016","69.58","70.94","71.05","69.23","142.87M","-2.90%"
"Mar 07, 2016","71.66","72.27","72.28","70.89","106.60M","-0.68%"
"Mar 04, 2016","72.15","72.18","72.31","71.54","98.23M","0.91%"
"Mar 03, 2016","71.50","72.38","72.48","71.11","114.19M","-0.94%"
"Mar 02, 2016","72.18","72.70","72.80","71.49","117.59M","0.28%"
"Mar 01, 2016","71.98","71.32","72.20","70.61","141.98M","0.93%"
"Feb 29, 2016","71.32","70.14","71.40","69.45","165.19M","0.38%"
"Feb 26, 2016","71.05","70.70","71.53","70.63","174.57M","2.10%"
"Feb 25, 2016","69.59","67.48","69.69","65.28","368.27M","13.58%"
"Feb 24, 2016","61.27","62.06","62.65","60.98","132.49M","-1.16%"
"Feb 23, 2016","61.99","61.63","63.03","61.45","125.37M","-0.31%"
"Feb 22, 2016","62.18","61.52","62.71","61.10","183.55M","2.14%"
"Feb 19, 2016","60.88","61.51","62.22","60.21","126.26M","-1.02%"
"Feb 18, 2016","61.51","62.43","62.59","61.14","110.53M","-0.55%"
"Feb 17, 2016","61.85","59.98","62.13","59.61","124.11M","3.69%"
"Feb 16, 2016","59.65","59.33","59.99","58.47","121.57M","1.19%"
"Feb 15, 2016","58.95","58.82","59.50","55.84","167.78M","2.33%"